page,name,link,thumbnail,rating,date,snippet,images,local_guide
1,Dimas Wahyu Wibisono,https://www.google.com/maps/contrib/114060442544304499944?hl=id,https://lh3.googleusercontent.com/a-/ALV-UjWglE_5MYKrAU7uBbI6pPUx8UmlZ4rgqqqod6yQztosnUFC9Faa=s120-c-rp-mo-ba12-br100,5.0,11 bulan lalu,"Tempatnya nyaman dan tenang, karena ga terlalu berada di pusat kermaian kota Bandung. Cukup strategis kalo kita berada di sekitar Pasteur. Kesini karena pengen suasana yang enak dan internet lancar biar kerjanya semangat.

Pesen rice bowl sama Cafe Latte, keduanya punya rasa yang ok banget, nikmat dan enak.

Pelayanan sangat baik dan ramah, kecepatan dalam membuat minuman dan makanan juga cukup baik, menunggu kurang dari 5 menit untuk minum dan sekitar 10 menit untuk makannya.

Oh ya pas kesini kemarin juga ada nobar sepak bola, jadi mungkin bisa jadi alternatif untuk hiburan kalo lagi timnas day hehe.","['https://lh3.googleusercontent.com/grass-cs/ACvplmMxEfXkyr3ihJ5tMqRdxkcwABGC-ZxnXHflibnio8__1yWPX-V6Uvqmb-ML3WOn4M8cvpnqxvcVD44xDyDoYzaNkBc9y4Ld5sLyFZaEF87WADAPGDJ3lgsLrU4UwWlkEz8by8KOFaIZYIY=k-no', 'https://lh3.googleusercontent.com/grass-cs/ACvplmME06A5VUzW_H1k3REstFfhFiG0deNzTRi900HAmXV26LcEHPZVX42vNSa6j4YGmHnon7xoNYdQkbQf6GXWLXn-RoNsJs4YncDr03oHrOUSklp-Pa-DrvzwImGD0L-ZidM3RB266uftU-Q=k-no', 'https://lh3.googleusercontent.com/grass-cs/ACvplmMuqUW6OHCUiRPLlqAdWa7-23YuQjI-5kVDOUIaS-SEFp8YHIUUDirMqCpS8zHBzmzpqAsf2LUnR0VO2UM33Afr5dvVKxmg4McZt-QuU0MPovyiC-EVkWuB5zKj4DIQTnKTmnFOq04RqQ0=k-no']",True
1,Lilis Maryani,https://www.google.com/maps/contrib/114845031180741802621?hl=id,https://lh3.googleusercontent.com/a-/ALV-UjXXzrhjJEabRq0K6pvJGZR2E3j22aHa7NCaYDkOTE17o0lmShiMaQ=s120-c-rp-mo-ba12-br100,4.0,setahun lalu,"Tempatnya nyaman, lumayan luas, ada indoor ada outdoor pilihan menunya juga beragam","['https://lh3.googleusercontent.com/grass-cs/ACvplmP-9FnsZV0aHFt8pXk3eaDEoBQpwnUR3rKt0x5bbUcmYA6cqDZj97ULBCmebvgW08fZy2RmXjj73WmCdtkLPOznkUhmLRtSXnzjFW1lmO7iR2PdA_kXowuDUjlgEwxmGh3jk3bLSw=k-no', 'https://lh3.googleusercontent.com/grass-cs/ACvplmMS8rHBHi_TYih_iMnoU6ky3QXJK2KFdYOlnyqiR2o2oBncW21SdyAVRq-4c89YJOoeMY-DEYXkwCQyI-v1_fmweej7CNz-ccBeIKjoGla-RbMX4Mg4-NChTgVGDGUjWg3SvS66=k-no', 'https://lh3.googleusercontent.com/grass-cs/ACvplmMirE0kgl9R5N6m6q1yxkhqN4H1OhzJAm7EHR2fvrZes1hhQK6lJN3hRz8nJTPgZDH8H7fr3WrMzsVxf3ic4j0pGzbIfx7KUon4bPEQSPcfJreap4EbQHUNo3NG3vpSvzGLzfyp=k-no', 'https://lh3.googleusercontent.com/grass-cs/ACvplmONyzZjQZDlMrzuYF0-Kjk7V9WHh9BzSxgQ5n9np-ycZ3sVOyyl9hA7qOuqWvQNMgFFcRFGTQ9tO6KmBtqfKofhrGi-YKPL0qiT0TDlgn7cQoKYoW5rKFTHRVFumw_i7ehXZeqw=k-no', 'https://lh3.googleusercontent.com/grass-cs/ACvplmPP9LxK6Wczw0rWbaQxpWZ_V2xbaH3bOuLyBkD7DDfhK9Sjl3gMfcXggtGN9oJMGU_z8a8-LcPLkFIIS1gOhI7SXg6cBDUIuPMrOZlZF3f48-CXMmQkl9L0pbz5joRWpcT2z_bW=k-no', 'https://lh3.googleusercontent.com/grass-cs/ACvplmPXrKa1AvBNr7L1XTxaL1teKtTqnCT8Th_HtuR8eNQrMtLRT82IDu_asGeEPg0NVzvAjsGYL0dnDuUkAZRJYBGyJUVrRYxZkaZ_7WvWasNIU4Jw_HKb-oiK-eQpf5rGK5YOfY5f=k-no', 'https://lh3.googleusercontent.com/grass-cs/ACvplmMdcKoCmeMndMkq4xrCeRUBKmP4A72-FbXxLzL5Bcm5wJDTyQlnXnTjoTdtSBD_PxwA7RtK85H2sLPvZKDD1BvkdcYeuoRTzufuZzi7WvbGa7EWe5OO1CID_t8j-YEP6S6CGB8=k-no', 'https://lh3.googleusercontent.com/grass-cs/ACvplmPNstnWavXTOL4LxG58U2FPNFqrcdoV9X-FXqK8Xa7jaDJ2RFYQsBaH5mnEZ1lfiqqvl4eA4WHaWethCjBe5ZmmGqMFMiBT4ojSkEOrLNB3q4sCS4wr51DdtX9gI6XIY990WeFGXw=k-no']",True
1,Abu Thalhah,https://www.google.com/maps/contrib/106582302632695893044?hl=id,https://lh3.googleusercontent.com/a-/ALV-UjX2QBrpStBtr9U42AFpKOgKhvwQADEPDgeWT21uE-XIW5pnB6zQ=s120-c-rp-mo-ba12-br100,4.0,3 tahun lalu,"Kalau keluar dari Tol Pasteur, langsung belok kiri menuju jalan kecil. Tak jauh di sebelah kanan langsung kelihatan bangunan cafe yang di dalamnya juga ada sejenis FO (Factory outlet) busana Muslimah.
Cafe ini cocoknya emang khusus buat anak muda yang butuh tempat nongkrong santai. Ngopi dan nyemil bareng temen-temen.
Vibe disini berasa banget cafe-nya, interior ala industrial dan vintage yang Instagramable bikin kita betah lama-lama disini.
Minuman dan cemilan disini juga gak banyak neko-neko, tapi semuanya worth it!
Ada juga toilet dan mushola kecil di belakang. Tempat parkirnya cukup sampai 6 mobil.","['https://lh3.googleusercontent.com/grass-cs/ACvplmN4jjR-XN8eQkIiLtVAq5S4pOOmh6fXjhSjBezej87HzddZap6uS8EozPqwbY1H_U3_9bSVwaEFJrKKSPebsWZVGTWxr_tjsq1Y60erJ54W_5LxolSBgF6H7769IUtlzavoiZUuAg=k-no', 'https://lh3.googleusercontent.com/grass-cs/ACvplmNcKY6XrhimjvDgOT6-POjwL46JQ8U2Wk9OYKIX2zZIUdyEK3hT2SKSfSrwmH13QjO8_HFbx1w1QGJ8Xl94EXOfVI3s4P-uzuNTw-SWj2DT3k0muIwLA0ngKsjhwZHDOiwwU-s=k-no']",True
1,Nia Rahma,https://www.google.com/maps/contrib/105986333364573123362?hl=id,https://lh3.googleusercontent.com/a-/ALV-UjWy9F52_tPVAqEkUIRSsYvdNJ2YgGTb7dXFoqo1VZ23XFjrQhFF=s120-c-rp-mo-br100,5.0,setahun lalu,"Tempat nya bagus, nyaman buat duduk rame - rame, makanan nya juga enak, apa lagi zr kopi susu aren nya,","['https://lh3.googleusercontent.com/grass-cs/ACvplmONyIC_WHjeWnzMMzmS6Cm9PdbawqCsWqjM9IGueSeUZWe3u4ah5L5b7Vjz09U70BQFWj5GaOF_Q7am9EB0Z_vpOgXOUMibOSotLWlE-_I_NQtIa_WRWSQFkzaU7LD6OsdX8fI=k-no', 'https://lh3.googleusercontent.com/grass-cs/ACvplmMTanzE1wlseaWpA4dd2v4m8fP68NpqISruTXh0sg8USCRaWuA197OCWe7SxHUhGVFy6az-b4bshGmtJVCrBuC_69m2MooZc_r63sg6Ao7VCmHJ0QMF_LIqPR_T69nMOXNuvljORg=k-no', 'https://lh3.googleusercontent.com/grass-cs/ACvplmOkG0YFzeGi5aR3CednuwbNJcU7qzKM5zQpuQLGZD8YawswHcnZaRyx0p4bp8bGy-DgL_B_y77wAzwI6FeydBciyWBcINlS4PCw-x7a5_w-agJzF4NSRXO9WrQjwZLIEY2n8rH5=k-no', 'https://lh3.googleusercontent.com/grass-cs/ACvplmPEmPdSDdJuTfYB_sSnSXxyY7OloekV543CP623tkxdNdRXA4lpMVHZQxPlL25Y5jU9Y8nrimMJCBwWBdnOU1V52egU5GuPwRd_POwSQECTQVoS0SPNGiAEYR1L2zj5Xn6o1I9QYQ=k-no', 'https://lh3.googleusercontent.com/grass-cs/ACvplmM4E3_kO7YlDyjajdqlNnQUVROfYct0mF9OZEDumYbjHNgJ1lwg1VwRaagtSI0kppLAE4_71tqowmin6KgZGkobRbxrmF01i1X0Q5zldoix4DL4Y-d7BZ0JDQPjvwrOGW129M34=k-no', 'https://lh3.googleusercontent.com/grass-cs/ACvplmMXYZn9yB0SZCJnrEtqdyf450n6uVFfile1g5uETecXpRvtIUeao2nGNKJZ6wDeVas2sEkUOQc9VUH46gbWDpBbkGBe0kiYHgHpL1TJQXsL7oSBn0FlzYIhsiMJ0ECHzA1xYv0amg=k-no']",True
1,Ronald Fadzry,https://www.google.com/maps/contrib/114505383825231007710?hl=id,https://lh3.googleusercontent.com/a-/ALV-UjUWp0fCDsB7pvWw77dYBLzMQEOgOoYhOwLr-PvSSJebRTJBxNki=s120-c-rp-mo-br100,5.0,4 tahun lalu,"Alhamdulillah Baru coba 3 menu ini ;
(Korean Garlic Bread, Brulee Spaghetti dan Macaroni Schotel)
dan suka banget !!
Enak pas rasa nya gk berlebihan, best pokoknya !! ✨✨✨
Tempatnya nyaman, enak di pake nongki lama dan ngerjain tugas² 🥰🥰🥰",['https://lh3.googleusercontent.com/grass-cs/ACvplmMOfG3r7712h_UqqmmqM0db2KujAIapR3sA4VGIkV-eL2JxvmZOGF1UbvSQONaKjYFLyj6jdCO4iCGP1RxfI7vguD1nfXJSBFrraZ6VOIB7jvH-FY9xGJMIYjUJrVgdxXl85exl=k-no'],True
2,Abira Najma Sajeeda,https://www.google.com/maps/contrib/114922784353581216423?hl=id,https://lh3.googleusercontent.com/a-/ALV-UjW8y43QwRT5AAWiXBkxPA9joPM4npnYc9J3p16wKT5gfwKr9nQ=s120-c-rp-mo-br100,5.0,setahun lalu,Salah satu pilihan cafe kalo ingin nyaman ngopi sambil ngobrol dengan teman dan bisa juga slight meeting dengan klien serta shopping tipis-tipis hehehe 😁,['https://lh3.googleusercontent.com/grass-cs/ACvplmMd-K_PbOYgcCdJP2PIhz-E9I3C9i1yHCjgAotcBmRJgpNKmi21CdgMcbtPXY-4NrgoWHXjDcAQFLxulykQCfAil6guH23dHM3wbaFI2kVriCqBdybFI-vd6R2-oudHZA9ucKA=k-no'],
2,lutvy putri,https://www.google.com/maps/contrib/108608042339058034953?hl=id,https://lh3.googleusercontent.com/a-/ALV-UjX0q3mQ_rn3vmEgxJ-JDYJTahEg7A6bbbifSBr1W4yrAsMoouJM=s120-c-rp-mo-br100,5.0,7 bulan lalu,"tempatnya cozy, nyaman, makanan dan minuman harganya masih affordable",,
2,Aep Saepulloh,https://www.google.com/maps/contrib/112116760155593840925?hl=id,https://lh3.googleusercontent.com/a-/ALV-UjXaUip-J6rdL03dnTOKh8U5sZ2-ZzoTIkFPJs_QLBhMCR27PYLm=s120-c-rp-mo-ba12-br100,5.0,9 bulan lalu,Cocok banget buat wfc,"['https://lh3.googleusercontent.com/grass-cs/ACvplmOjf3gUNun3i6aRniXhFSNAwLNvgLl9tC5-QIuc2kMX9rBuvfFTX_N_WK922SGeG0pGdMMWl397wUIvrw3zoGkVU5QR-AImpGovxV4P-u7hfZSDtxp1EGDd_feP_hHpUQ1le62skxcEpBV7=k-no', 'https://lh3.googleusercontent.com/grass-cs/ACvplmO1vSJqJDyZrrMfMpG0jPwL1gmysXNgJBioUjRvwLsDnrMb64KQJ15HBbxn8JIv5p90y2rms-Ek5LURXdMgc4lSRYdsfjuqcEfWke6OvvwJX3hd3lpZ70SL95r-OsgwqiVDY0OPTVOWyGL_=k-no', 'https://lh3.googleusercontent.com/grass-cs/ACvplmMWxr9bxKu6jc9uxNPAS7NyF40NF8TPE_f9uGlqjTW71-X8LKXkT2tzxAvApibUxFwFnGnWE8Pz43VzDg0oIj2Yy1wIR8Wp-NgrmBGWUDrWzYuy5Oe7qMPiLZ8uN807ba2N0M1tspEuBhw=k-no', 'https://lh3.googleusercontent.com/grass-cs/ACvplmMRnp89JbWfJX8lt1j4SRvlDX2DTMuzZhoX3KcynQdlRXHSL75AqFLmWy46CmlYWPSE0Lz5UFjE8-AxXmaNIH3gsb1cD8LhkQ0pUf_0QzFDBK18HEym-VX9hXiKpoKRT0fBHst6nHPlwHh1=k-no']",
2,Akun Oppo,https://www.google.com/maps/contrib/101355936507457718785?hl=id,https://lh3.googleusercontent.com/a/ACg8ocKLdYsMw46MrxRGpSYPfp-YCptJe1yphSIVncmUkn4OaBxZ=s120-c-rp-mo-br100,5.0,4 tahun lalu,Tempat nya enak buat ngobrol. Hot chocolate nya coklat bgt. Coloka  wifi lengkap. Kalo bosen bisa liat2 baju,['https://lh3.googleusercontent.com/grass-cs/ACvplmOQaFxZ60qHVIGBKrH_UylGi3BTp3HXedrALuFDt5244-HJAcHBd5j25O2EUbKs86zbuOZZkZ7BIZns6a_Xl9i9aqyjKo-0PWbwk_46d_QvYFmv2zCacAFKM3XLvtpIraYemlvKUQ=k-no'],
2,Mochammad Syaepul Anwar,https://www.google.com/maps/contrib/108918585199238321514?hl=id,https://lh3.googleusercontent.com/a-/ALV-UjWHMs2oLgGo9haTjV0ZWRwWUzmd7PafKUz35puXKSYxz2owLrOE=s120-c-rp-mo-ba12-br100,5.0,2 bulan lalu,Nugas Sambil Ngopi bisa Disini,,
2,Nefisa Kamla,https://www.google.com/maps/contrib/109324718000411040677?hl=id,https://lh3.googleusercontent.com/a-/ALV-UjUzjw9zushTXN_UVhCNytW4Q_U5cysR4wl6RTKFWYl7LyJ9BJIW=s120-c-rp-mo-br100,5.0,setahun lalu,"Tempatnya enak, nyaman, bersih terus makanan dan minumannya juga enak bgtt, harus coba kopinya sihh 👍🏻👍🏻 + nya lagi ada musholanyaa 💗",,
2,Nuri Wicaksana,https://www.google.com/maps/contrib/106298606983633664848?hl=id,https://lh3.googleusercontent.com/a-/ALV-UjUpPK2Yr4elF7ueyUaG3p0J7Ifj-N5mQr5hExx5wFUeDvljZ_rv=s120-c-rp-mo-ba12-br100,5.0,8 bulan lalu,Matcha latte berpasangan dengan cireng ternyata cocok ya,,
2,Jati Jajar,https://www.google.com/maps/contrib/103988020047946407205?hl=id,https://lh3.googleusercontent.com/a/ACg8ocIO2vwnxA6WSrbZlfqMuxkNglu46aP0U6s2IOw8XMOA0qXeEQ=s120-c-rp-mo-ba12-br100,5.0,5 bulan lalu,Santai rilex Susana nya sambil ngopi,,
2,Hilyatul Gina,https://www.google.com/maps/contrib/111841122672641212451?hl=id,https://lh3.googleusercontent.com/a-/ALV-UjWmFlxOdlAA9x4pp0OXf5m5-WZh1bI1urodx7qE_LpRNiJJ_ZEO=s120-c-rp-mo-ba12-br100,5.0,2 tahun lalu,"Enak buat cari cafe yg tenang dan terang, kopinya juga enak",,
2,Hidup Sehat,https://www.google.com/maps/contrib/115818600863429548808?hl=id,https://lh3.googleusercontent.com/a-/ALV-UjU68m4M67lf90skLYYvLJzxYasLpgOCvMrEn0ZqNVPrswp39FW_=s120-c-rp-mo-ba12-br100,5.0,4 tahun lalu,"Kopinya enak, ga nyangka bakan terus enak setelah esmya mencair (Ice Coffee Latte)",,
3,Andhie Chotto,https://www.google.com/maps/contrib/101452480240009857970?hl=id,https://lh3.googleusercontent.com/a-/ALV-UjUWn9GxfBTFzUtQQWvA0HnGLawenlU426bOLFcTpq2UXwaAQv2J=s120-c-rp-mo-ba12-br100,5.0,4 tahun lalu,Sesuai nama cafe & study,['https://lh3.googleusercontent.com/grass-cs/ACvplmPhJfbhTvMtbF2qto6a1l9RMW2MHeqanxHHENZnaAq55nlPhFW7IPYshHHj7E92ESWCOUPkN17LWcoDeSthac-mWANVKCPxmIm4uohEfNr9wSjInb-OvIA_hG5KhnfRb22MaRwhCQ=k-no'],
3,Good Day,https://www.google.com/maps/contrib/101200495859688300681?hl=id,https://lh3.googleusercontent.com/a-/ALV-UjVAWvMOzqecFOdk0UuamwY5Lg7BTXDgbEaOALFkrWmKxC9WGBg=s120-c-rp-mo-ba12-br100,5.0,9 bulan lalu,Nongkrong nyaman,,
3,Juan Ismail,https://www.google.com/maps/contrib/114822151044555626238?hl=id,https://lh3.googleusercontent.com/a-/ALV-UjVG6jcbVM0Hck2Go2QtpUO6QIZ5Y5FQsl-2upLVa6yZ2HUxmdk=s120-c-rp-mo-br100,5.0,setahun lalu,Mantap bos,,
3,Abdul Rahman,https://www.google.com/maps/contrib/118018901871346091690?hl=id,https://lh3.googleusercontent.com/a/ACg8ocI2Fn1p_6o7MlIuhfHQ1QUNVZHiG7dHLFFzFDpx48406MszRA=s120-c-rp-mo-br100,5.0,2 tahun lalu,Kopi nitro juara 🔥,,
3,Zulfa Nuraini,https://www.google.com/maps/contrib/118097587399182464007?hl=id,https://lh3.googleusercontent.com/a-/ALV-UjVnxTv79leX8XiaGWKgfZlm8a1TBblGi1jD-YzTPEMY-9WgRZs=s120-c-rp-mo-br100,5.0,setahun lalu,mantap,,
3,Zahra Pitaloka,https://www.google.com/maps/contrib/112689365213441502686?hl=id,https://lh3.googleusercontent.com/a-/ALV-UjUiwO4tuR-_KqUdNPhxrWUu4pgIjVffEwTl9uW1jCnkw9MhCxgc=s120-c-rp-mo-ba12-br100,4.0,3 minggu lalu,Coffee shop deket kosan jadi kesini. Cocok buat mahasiswa yg mau nongki karena murah. Ada toko baju muslimah disini. Nggak ada AC jadi agak panas.,"['https://lh3.googleusercontent.com/grass-cs/ACvplmOL4u1A9jXPbe5tOs5RqkhWA7T83nzKKJ7j1YtKTIs2JVLFkHWGAdWLUJbRQTYaiZ2HJdGYd-3tOT3S-EzQ8vBKNugSN9-qxjX-ngoHCw7rk_Lpwc_OneKmhohw8DMDBqoYmZvptc5sqyPr=k-no', 'https://lh3.googleusercontent.com/grass-cs/ACvplmNOrrwAYict08EVtiIfcL2nqhUT8rcQ8lquxMYgN_Jqwo31HpdlLP-vdZRsFSnsOwNtGGwpsfa302LcFDsWtIwCOFhNPZS_PqVPnsa2nUqUtGu0V-mpio9kH2eHNHBRhraF0coq8QlAf1ms=k-no', 'https://lh3.googleusercontent.com/grass-cs/ACvplmNffwoO4dnvmdzu8-J5HTcVKo4ozKoh5Y459ky3AEbidRq2Ul6sG0f4hEAD_Q67kybl6MP_n20Ohga2oQAFRF7BKZ8btIsFIEYQRhGJj55CShc3YsJJi1C2cGqmbL9zREoWBJx3X9TfueXj=k-no', 'https://lh3.googleusercontent.com/grass-cs/ACvplmO_h2aJFcRbdgXgS-drPOOBbIb3GSOAze9ZxUTQbhp7MGuyZfzPnLlsf7irf4SYmMptSC-CRIwPzRDDc_Nk-p6XnokhJd3AkgeJN_f7YJcR83X9s89Xy83K6Lq68GlAvzUgnRZ37HfYzyvg=k-no', 'https://lh3.googleusercontent.com/grass-cs/ACvplmPMcUuOM4JQ67BLQP18RBhoDVjzhhUDXvk0A0RxrrwOuRLDLlC8VNTAGxt1NRLQ45k_UyP1vmfJ7lHkHlYgdNqsBR4JtnaAC2bB_7FoBD7Z7wVenKSHnCOVkHy24SqDhT711ugFeiW1B76g=k-no', 'https://lh3.googleusercontent.com/grass-cs/ACvplmOqvjh6SUAciJ5XJzydndnvAATX4QjPQZmiBJfASyaPE4Ry8285-HXA0fXrZ9WkVRWGfNhkFXK0oHQ77_1g05bBm1TYhUkXeBKwvPr23iosEH_vnrsPmQwAYCbdJzN-oMptPQXgO7MvbMVY=k-no', 'https://lh3.googleusercontent.com/grass-cs/ACvplmNIe67e5EWJFFsUpTETBPWDCqi_QoMgF4JU_PzFUmabNaaIsuYz0yylsmNfdEGVpuq1IJ0hW-TxP5JjfrSsmJD4_YBMQLTHv_pl6FbBaVGNL_GhgJUfm-O5DzmRlY5NbMA9m1EclqRKwqs=k-no', 'https://lh3.googleusercontent.com/grass-cs/ACvplmMXhFyCL9Ymwnj9nJUIX4OVcoIS6ZmSHxuQvFFjiwMvtg3EzXjGeJxMheYN_tBoK3NRC1e2YJohh98f6Fbgm0qkQPXRSD4f3es3jAxZActrTyAxn_lrBjvg_ydBeFwdTst7xU1TlnNgqQ=k-no', 'https://lh3.googleusercontent.com/grass-cs/ACvplmOI4MqCrhNd2tb0IilTvS5mGTGHu9IswIRuvj09OCkGUQceb7S1q2IAdnzjv72v0lHF-l-4ouIjE_UJYvEva4GMzBV-lGdPTMZ2D-XAkWpbn_ZOanILg2zLNUfk_QJaR2IlrdKERQNbmco=k-no', 'https://lh3.googleusercontent.com/grass-cs/ACvplmMKi--xfUyQ5aXaHXJs4ZxuBd0HXDfNO1VlDAUNF9C7m-oeGx0QFm4Osevekoob8Sj1yV1ek4hP2MMhEqw9kmgtPEcpPCBbMiDan0Hq7GpsBSPcL8aOIs65BPS0niymGcNHvte8ky4fNA98=k-no', 'https://lh3.googleusercontent.com/grass-cs/ACvplmMcmbeVLdFqKHv-vtB3d3UbaS1Db-HdvULfSFQwv7fmtvg94U7OufZnocfbp934TUM8BRktYRTSSY_wfUALI1qIwOhNLF4wIAU345qlza4c9ldxTLU5fdrwo-FgqQG6_RJgoA5tzWV-JQ18=k-no', 'https://lh3.googleusercontent.com/grass-cs/ACvplmPH6iys2EMERJHdIDGBWn_YBNugsuwhJSCa69rViohlH4Fe5BTytvNzGQXY-OVwFuR1MLxFw91h64mmB0mBzo37HmPovmJOfXRx-eAMvcan-Xnt143mZUdwE5uOHYmS2Krekx7oTl4_PQjT=k-no']",
3,ara,https://www.google.com/maps/contrib/118389278917988506474?hl=id,https://lh3.googleusercontent.com/a-/ALV-UjU-D2HUgPOl-y7boOu6QkgY0PCIThYLbYwyuGiEb7z_tqL8iqo=s120-c-rp-mo-ba12-br100,5.0,Diedit sebulan lalu,"blackforestnya enakkkk banget sumpah 9.5/10
beef teriyaki 8.5/10
rice bowl rendang 7/10
banyak nyamuk arghh padahal di dalam ruangan",['https://lh3.googleusercontent.com/grass-cs/ACvplmN45foMmDMT27vqfuT_R_WGPlGy63dQGVW_IcyhtydKuSEUBZwAvEt1eZkdDqvV3MNmsAs6QAlfT1gvLyLUYCLaq_SsX66cekUbCm_0p5tnO29444WZUiV2QoE8KEtm1dOPg_MDc8vb-fPL=k-no'],
3,Jun Khwan,https://www.google.com/maps/contrib/114757697184012758894?hl=id,https://lh3.googleusercontent.com/a-/ALV-UjUONy1ffR68gucJGzOhF_a1Fy6EXhnr9PWvhqjp4zhq8IQEA5-5=s120-c-rp-mo-br100,5.0,sebulan lalu,"Tempat sama layanan nya bagus,, cocok buat kerja",,
3,Rahmadani,https://www.google.com/maps/contrib/116850758737458401510?hl=id,https://lh3.googleusercontent.com/a-/ALV-UjW8_RUnpoDO_lGcYX5zox2WXmeBSgWDKpFfL4NRWeogFEXz8Kxk=s120-c-rp-mo-ba12-br100,4.0,2 bulan lalu,"Nunggunya lama bngt padahal sepi, tapi makanannya okelah lumayan enak","['https://lh3.googleusercontent.com/grass-cs/ACvplmPT-VZyqvFQG6B3b3zEaPOyfKtsnZ5gabfRi6GJRTOb-WPBxaq7EjxNwyuhO0x7RHMKocBMZvTP4Br-_li8bjaBUhtIm-SVlLwP0po7GcOa4uNqAHVrfdYQtKBC--Lf_AKNOXAI9ZZtKFT5=k-no', 'https://lh3.googleusercontent.com/grass-cs/ACvplmNcTSnuJPuuXscTV_XyHFC8tAWY4H0SCC-OP0QSMim_i-Y3UFkqD_0eLaIds-6xncycuRdJsOMnlmUXliTYINwgmFE1BwVsENDUAVGUBA7mfaUSJmGJXPkutkJpGkERUitleEtiee0IZcKW=k-no', 'https://lh3.googleusercontent.com/grass-cs/ACvplmOgyskuP7GaQ9lt4Vn-YLYEtbZRH0P7fslGjAhUWZYpXetmDp4HGc_dX6ChIHjeL5LhN_Xf2LztSuFwmxsreHw-qpvpj9qqKZ-MsDfiHRpIHe2BHzdlYWzMh94WcJPbKWPfC2Dv4MJ1I2s=k-no']",
3,Roozbeh,https://www.google.com/maps/contrib/108266582782818720711?hl=id,https://lh3.googleusercontent.com/a-/ALV-UjX4JCZxS9g_YvuJqUyIvg69GLmMYgqXW47Jh4N0E8ORNshwt8c=s120-c-rp-mo-ba12-br100,5.0,setahun lalu,"It is a quite nice coffee shop I have tried the cafe latte, it was quite good.","['https://lh3.googleusercontent.com/grass-cs/ACvplmOauuyxfvD7kXpkqhbrp_0LJ_mYRrELMAYCktJx2GAXvGS5kY6vmdoPYtxaSn9_lWFtaDDSnjNgXGvboZXLqZ8LFPflt5Ww5-Xyx0R4C_Og39TFsr3-Ls66HEF15Z0Rb0QebSM0=k-no', 'https://lh3.googleusercontent.com/grass-cs/ACvplmOMqeoKWnX__dwWzLZu3cJPP6wSPMuknygSOLOc__wqF0SrHU1UBM82AUqPZnUP2lwuVMOHdLjuKZJiznIEXGTjQ3LmNewWBucvxfYcWGCZn_ZJC5eVJlb-8C4MtjCn60i_3QKO=k-no', 'https://lh3.googleusercontent.com/grass-cs/ACvplmOWCaHk-xGGKstjef6VrbY2x12uGLi2qzDDhbx-Bh0ydhEhxx1epD68cNUKhfAN7SH5BncL0tDizyCRzzK1-7_2d7pVQxLzWNS59Y3SBKgCVsbroNCAReOIMCqYVbxrjXUVZfOl=k-no', 'https://lh3.googleusercontent.com/grass-cs/ACvplmO6H3I2HHBkUwAoa1eCHBBQ9d_7AhSnBMdhAYQdYbHWqiT4b5Db09m2CA3LcauAAjzhJNl_neeVHQDi3IJsY8CJLrpb21Nlix559FId3N-NBuu1FsjJgBzwms0hITz7oU-QonKa=k-no', 'https://lh3.googleusercontent.com/grass-cs/ACvplmNhTqK7mu8DNW-r021aVaXeXeg99hvo5jOsDrxQ9Pd26WSsOOMy1LhFPy8U33E-Yhr3pDdZSBjtP-lirsAAhM1BBTcSGY9WAATC8C17JaPMjTelZAk2k-o8Yi-DByh_lG8RHUr9=k-no', 'https://lh3.googleusercontent.com/grass-cs/ACvplmN50dyXSe4jRi6xEmiLL_3zoKyb7SQZlpE94kEwIlVtWOnMrUOYzCuYrCHig2LZwCyPzaS0yx438zu2iISO-t77DwrAvEqz2DdRS-xxCsw2jOv2KTDI1qH7rzOlTBPDEKfazxhBKQ=k-no', 'https://lh3.googleusercontent.com/grass-cs/ACvplmPYDKor44lxn8Uxxa-WoN0YYkqYkaAl4xUEdAHZ8Z8_nD9iosT-9arPLNB1GER7IdGvp-_H12ezQuo8rU4AjQgZpV23cDlupElT2m39fY1PAjuVRWAP1zQnBehssmCto7N8GVQ=k-no', 'https://lh3.googleusercontent.com/grass-cs/ACvplmP2-LQ0JeR5QjGtm-QNTwAbJuPHlFQDThwVeIDsRj9WwVSXRUwLi7dy5G0iznEIu2AkiPTcQ2HokC0FkFb88qt-et_yw-UPhqGV_nDV3vlkGWGEX2ajwkOwmCg93bMhQZMZJm9X=k-no']",
4,Fajar Fauzi Hakim,https://www.google.com/maps/contrib/111391845519742638316?hl=id,https://lh3.googleusercontent.com/a-/ALV-UjXNsNhAUnhC9nP07yc6r-hFIpAhIiJfIGByKOJr2u-RLvujt8O1Hw=s120-c-rp-mo-ba12-br100,5.0,setahun lalu,"After trying a few menu here, my advice is to only order drink here. I think it's what they do best. Its nitro booster is too strong for me, but will i drink it again? Yes. Other thing, like its facilities are so-so. Good for quick drink and light hangout.",,
4,Soulmate Family,https://www.google.com/maps/contrib/102833394750506903036?hl=id,https://lh3.googleusercontent.com/a/ACg8ocLfmorWJ8fXEGLSFodaQSILVrgGd8Fg9HYwG9tCAAwlLH9xCA=s120-c-rp-mo-br100,5.0,sebulan lalu,Cozy..,,
4,Diego José S. Jaime,https://www.google.com/maps/contrib/104864614477085442014?hl=id,https://lh3.googleusercontent.com/a-/ALV-UjVF0VFWExsWtUS1RU8K_hsbi-1AVIRsd3Ayf0xrUvwHXg77D1xyHQ=s120-c-rp-mo-ba12-br100,5.0,setahun lalu,"Me gusta el ambiente, el WiFi es bueno, muy amables!",,
4,Tiara Pudjiastuty,https://www.google.com/maps/contrib/102037637970446375167?hl=id,https://lh3.googleusercontent.com/a-/ALV-UjUi3VcOnkPDf6LLMSFU1g3X6ISr3CdrL_i6y7i4N2FQmUqibbk=s120-c-rp-mo-br100,5.0,sebulan lalu,Nice place,,
4,Roy Bagas Wiyanto,https://www.google.com/maps/contrib/106835300239636531604?hl=id,https://lh3.googleusercontent.com/a-/ALV-UjVc15q9hVcYy0XNc4QIXv3nRqI85u9j9gSzLz22eYoD-NZCGrEX=s120-c-rp-mo-br100,5.0,3 tahun lalu,,['https://lh3.googleusercontent.com/grass-cs/ACvplmNunlRCe5mckv9mBPordmqTqTv9SnOBfKpiioOoAwsdG0XeglINIK49Lyo3BlelzuzZfBOU5kVoghadZohfIHroehCtjS9fiYv0TCJH6AIuj2THZJdLZZqzyP-IDjVXwXkQIZSe=k-no'],
4,Percobaan Pertama,https://www.google.com/maps/contrib/105034848355061182241?hl=id,https://lh3.googleusercontent.com/a/ACg8ocIazLPezyYJXUSFk_I7Qh88Ds5SLdls6Z-t7hMuS7UOyx3-JQ=s120-c-rp-mo-ba12-br100,1.0,setahun lalu,Nice ...,,
4,Budireuh Mulyana,https://www.google.com/maps/contrib/110286350936730711731?hl=id,https://lh3.googleusercontent.com/a/ACg8ocLNn30r6z0WyruUlLlIpx8lHGGi1AluvHZTRmF_jd5Yydwchg=s120-c-rp-mo-br100,5.0,setahun lalu,,['https://lh3.googleusercontent.com/grass-cs/ACvplmPTLHyXNbB3yIEZzgaReYTNw11YgYpQHPGP3Vvxh_v4ATAQsJqs_DiV0kErU12d36jgnsLCxvwiqmDBN9fFPw55uDPPAJlMmNkHg3Cyp9-vnitaLxL0iwREjDt7BTb7XfsMBZNR6NiXTZ0=k-no'],
4,tri reviyanti,https://www.google.com/maps/contrib/100557507206453211764?hl=id,https://lh3.googleusercontent.com/a/ACg8ocLHdw3_mI4WPnI9og90c5vmIKcjdYHgV_KJKz_VPQS-XggZTw=s120-c-rp-mo-br100,5.0,sebulan lalu,,,
4,Mohamad farhan Afrizal,https://www.google.com/maps/contrib/106781987598135681696?hl=id,https://lh3.googleusercontent.com/a/ACg8ocKQjV05a_yiuiyd6B-q6xnfTHDyIgSdx4tdfPDGSBZu2OPVFQ=s120-c-rp-mo-br100,5.0,2 bulan lalu,,,
4,Rian Arinta F,https://www.google.com/maps/contrib/115033247968674471331?hl=id,https://lh3.googleusercontent.com/a-/ALV-UjW3dqkqlFQdP6EQv-w4fHI_CQAJdyE25osLHiU07fgh0e-OQ2A=s120-c-rp-mo-br100,5.0,2 tahun lalu,Fresh your mood,,
5,Adam,https://www.google.com/maps/contrib/112474252770125517461?hl=id,https://lh3.googleusercontent.com/a-/ALV-UjV8J5PdplMlrvRsFO0M0wr_YepaIqkymPZbykF4U7nmSBlngr5x=s120-c-rp-mo-ba12-br100,5.0,9 bulan lalu,,,
5,Dian M,https://www.google.com/maps/contrib/116970006610785118521?hl=id,https://lh3.googleusercontent.com/a-/ALV-UjUzxvK6q2vZs267Cn4PpZfE2gux5Ua7vdcXklTL3fPxwAIROT-7=s120-c-rp-mo-ba12-br100,5.0,setahun lalu,,,
5,Utamy Hendarsyah,https://www.google.com/maps/contrib/115085943843970898573?hl=id,https://lh3.googleusercontent.com/a-/ALV-UjV81tfF1D7ZrsxALBu75XVe9N7NlL7qYfmOho30SBEuiK9pwwgZwA=s120-c-rp-mo-br100,5.0,8 bulan lalu,,,
5,Imam Alfarisyi,https://www.google.com/maps/contrib/115997643147334002343?hl=id,https://lh3.googleusercontent.com/a-/ALV-UjXbmTLcy4Oa034ITYmpVw2ywyJc0-BagJnKDjPnOvGc15MWu1EpZA=s120-c-rp-mo-ba12-br100,5.0,setahun lalu,,,
5,Raden Ajeng,https://www.google.com/maps/contrib/109192789837234410323?hl=id,https://lh3.googleusercontent.com/a-/ALV-UjXupNJ-SSimjbVgFEnE1VdlfKudvN0YsUjFI9UYQAc3cwR7XiwqPg=s120-c-rp-mo-ba12-br100,4.0,setahun lalu,,,
5,Adjie Lumintang,https://www.google.com/maps/contrib/103730084996720453922?hl=id,https://lh3.googleusercontent.com/a/ACg8ocL9b9LhhnPp30vPhlOgiEgVaYwy39flhXgTD5Wceq943Ud-Iw=s120-c-rp-mo-ba12-br100,5.0,setahun lalu,,,
5,Wasyucow Wuhuy,https://www.google.com/maps/contrib/107093935369402872746?hl=id,https://lh3.googleusercontent.com/a-/ALV-UjXYRiJxNwYg_XIuqjmwQzoWyUc6BzDUe7IiJ7l2kA2N3l1epMoN=s120-c-rp-mo-ba12-br100,5.0,setahun lalu,,,
5,Aishi Kagura,https://www.google.com/maps/contrib/118056566478320403206?hl=id,https://lh3.googleusercontent.com/a/ACg8ocIBgYgHtMjKbLk2ZPY6E5UZG6zyOjYiT5lfks66DZ0do8s6Fg=s120-c-rp-mo-br100,5.0,setahun lalu,,,
5,Pink Driver,https://www.google.com/maps/contrib/106391727488901467694?hl=id,https://lh3.googleusercontent.com/a-/ALV-UjVjcV-jlZxh_qPIqm05mgDTfrn0vASkZbFHAhb-CXaX5YjreINJGg=s120-c-rp-mo-ba12-br100,5.0,setahun lalu,,,
5,Bryan Suhendra,https://www.google.com/maps/contrib/112692349095998750558?hl=id,https://lh3.googleusercontent.com/a-/ALV-UjXpRyq4XPJ_cS0zmGvCh0zDBIC4N0fZNB8HkWMpfVA5tAbjSQSq=s120-c-rp-mo-br100,5.0,2 tahun lalu,,,
6,Agus Hermawan Hermawan,https://www.google.com/maps/contrib/105899299989296526449?hl=id,https://lh3.googleusercontent.com/a-/ALV-UjUsQG1wa19gwIvZlomimCya3BEPsOv7EFhFlmLhNqvGYpeKiTiJ1A=s120-c-rp-mo-ba12-br100,4.0,2 tahun lalu,,,
6,Cahayarisky Kontruksi,https://www.google.com/maps/contrib/105118357984232583206?hl=id,https://lh3.googleusercontent.com/a/ACg8ocIFXbfcwp3VEhiPiHdqe17BBL_8MGHwQBXAdJWxOyqAoa4fCq8=s120-c-rp-mo-ba12-br100,5.0,2 tahun lalu,,,
6,Akbarandika Putra,https://www.google.com/maps/contrib/107855307696107580852?hl=id,https://lh3.googleusercontent.com/a/ACg8ocLupw6vvOtMj_YIsdwsqIKlH-zKoVIDxtonRP7CFyV_KqbORQ=s120-c-rp-mo-br100,5.0,2 tahun lalu,,['https://lh3.googleusercontent.com/grass-cs/ACvplmPTGW54l1I4WqVcYu0ZiDcQrVqYgMvuEiMXGcUXcZxx-_93wK9BueM5cyze0W5UAGvRHr0WCtd6L6O93_UOzKTLBxc4GIgUOU9rgnlRWzcohrqDrEdSalemhl2wlgC6J92AR_PG=k-no'],
6,Ibrahim,https://www.google.com/maps/contrib/106709070655192512762?hl=id,https://lh3.googleusercontent.com/a-/ALV-UjXF72Nhwg3RSPuDjlRvHHP-AOZP7wPASk-1nKm70spepqCjJWY=s120-c-rp-mo-ba12-br100,5.0,3 tahun lalu,,,
6,rama gaming,https://www.google.com/maps/contrib/107519027353736743298?hl=id,https://lh3.googleusercontent.com/a/ACg8ocLkX7NW-T7xTKMXbooMu9a-CDL6UCHU8E0m6fAjIgyEIyUl3g=s120-c-rp-mo-br100,5.0,3 tahun lalu,,,
6,s.a.m,https://www.google.com/maps/contrib/117432035963265301833?hl=id,https://lh3.googleusercontent.com/a-/ALV-UjWuaS1si7dqsLwSuXRA1heL6JOd7xuERf5Us2PYz0-3wvOD9XhMCQ=s120-c-rp-mo-ba12-br100,5.0,3 tahun lalu,,,
6,A Andra,https://www.google.com/maps/contrib/103514973096400271247?hl=id,https://lh3.googleusercontent.com/a-/ALV-UjWb4bBgDkpbtY3VqQe0eP9rJmh_zni3tAuSkaD2td02HYi9qXk=s120-c-rp-mo-br100,5.0,3 tahun lalu,,,
6,Agus pilot,https://www.google.com/maps/contrib/108904448630711497102?hl=id,https://lh3.googleusercontent.com/a/ACg8ocJIPGLMAw7QG5PdJ9ZDoKSVRgyzSyXWGGVGfFElG7QUr9kbPA=s120-c-rp-mo-ba12-br100,5.0,3 tahun lalu,,,
6,Aswin chesta,https://www.google.com/maps/contrib/106948855851976195868?hl=id,https://lh3.googleusercontent.com/a-/ALV-UjUBrkrR6mkpjRPk9xriAesEdhhEiA8vtkodxvzY9NDA1ssE16OVTA=s120-c-rp-mo-ba12-br100,5.0,4 tahun lalu,Cozy,,
6,Agus khanzakhaysa,https://www.google.com/maps/contrib/104752423570257742823?hl=id,https://lh3.googleusercontent.com/a-/ALV-UjW3a61mVfhaLV4Z-Hkrcv9_UXW7pMMCL8I1PRHgba1Nobkdyi4=s120-c-rp-mo-ba12-br100,5.0,sebulan lalu,,,
7,Yulianti Husen,https://www.google.com/maps/contrib/101952325893044721574?hl=id,https://lh3.googleusercontent.com/a-/ALV-UjWTUfuDstNF-wFchDBVe3ESdFikKUcMjzr9g6iUKN6yU909TaB6=s120-c-rp-mo-br100,5.0,3 bulan lalu,,,
7,nayla zahra,https://www.google.com/maps/contrib/113789728904864163812?hl=id,https://lh3.googleusercontent.com/a-/ALV-UjWn5eEniC0274DayieXnuVO8z6HPBVvIJ5vmV1mJOhnBMH8RlBRQg=s120-c-rp-mo-br100,5.0,5 bulan lalu,,,
7,Agung Wilmar98,https://www.google.com/maps/contrib/108182833590656174644?hl=id,https://lh3.googleusercontent.com/a-/ALV-UjVBPXA8-LtExEd9kb5Y_FwI0lYmpH2RWOTi3_OY19GJmkdiWphz-w=s120-c-rp-mo-br100,5.0,6 bulan lalu,,,
7,Djadja Ratmaja,https://www.google.com/maps/contrib/113503158503237604600?hl=id,https://lh3.googleusercontent.com/a-/ALV-UjWaDpo9ZZjJafsWN-2MyDtLAZwgagIczKY7Dnu-Ns9iuEicpnNw=s120-c-rp-mo-ba12-br100,5.0,7 bulan lalu,,,
7,Witri Damayanti,https://www.google.com/maps/contrib/118074182868079133277?hl=id,https://lh3.googleusercontent.com/a-/ALV-UjUbY5Pu-1WBpO_Arw2k6910souKQt5M5UIbRnpuljfU_3fEvG3VkQ=s120-c-rp-mo-ba12-br100,5.0,setahun lalu,,,
7,Ananda Mutia,https://www.google.com/maps/contrib/110624179901883616064?hl=id,https://lh3.googleusercontent.com/a-/ALV-UjWHo5mhLN3r78hFHINkZ6IbCVHxanmBkcmte9kJE1_qlGaUm9GL=s120-c-rp-mo-br100,5.0,setahun lalu,,,
7,Galih Wardhana,https://www.google.com/maps/contrib/100852541128033481348?hl=id,https://lh3.googleusercontent.com/a-/ALV-UjVWiK5Aei1T60J4kemeD_mdkjj0SERR9AcvCJGnjIgLxzaHy19j=s120-c-rp-mo-br100,1.0,Diedit setahun lalu,,,
7,Ramadhan Rama,https://www.google.com/maps/contrib/101066576307178580803?hl=id,https://lh3.googleusercontent.com/a-/ALV-UjWgezCmniE5d6qN4f90IMphuMEPw-EYYz9X41JaHHftUar6Y0Mj=s120-c-rp-mo-ba12-br100,5.0,2 tahun lalu,,,
7,rafi suwarli,https://www.google.com/maps/contrib/102581806396892746508?hl=id,https://lh3.googleusercontent.com/a-/ALV-UjXsODYr-JGpgFe3WfrMBLa6AeuMk7cUdYDrwsGvaIlYfFzFIB9j0g=s120-c-rp-mo-br100,5.0,2 tahun lalu,,,
7,Agus Triyadi,https://www.google.com/maps/contrib/102234650545456454330?hl=id,https://lh3.googleusercontent.com/a-/ALV-UjVuPHQZ2f-A7Bw7Cjz3C8zclzL29qNj8aXvNq0MTeINjb3zUQ7S=s120-c-rp-mo-ba12-br100,5.0,2 tahun lalu,,,
8,Yans Aduts,https://www.google.com/maps/contrib/102722964667149450372?hl=id,https://lh3.googleusercontent.com/a-/ALV-UjUziOqYnvaOePMiFa5ncpg3rbILNPHLBbgc7ggFil35ThyF4dHZ=s120-c-rp-mo-ba12-br100,4.0,3 tahun lalu,,,
8,Rizkydwnm,https://www.google.com/maps/contrib/103447249379466907060?hl=id,https://lh3.googleusercontent.com/a-/ALV-UjUviSDN3gzAR4N_cIYfAX0bkjoAdKAkaNvWwCd4JlyrqwE1ejD_=s120-c-rp-mo-br100,5.0,3 tahun lalu,,,
8,Silvi Mutiarani,https://www.google.com/maps/contrib/102341683080979870738?hl=id,https://lh3.googleusercontent.com/a-/ALV-UjVS6HTCbFkk80LAsQb3cxAzU6FWPTEhLlECSug0IKcyUtNzuxr6=s120-c-rp-mo-ba12-br100,5.0,3 tahun lalu,,,
8,Saefudin Akhmad,https://www.google.com/maps/contrib/106395372156177165857?hl=id,https://lh3.googleusercontent.com/a-/ALV-UjUDMBItYkH61MrULehBKKkD1H527OYTGK4tEmNB5LBS_hfNgv0T=s120-c-rp-mo-ba12-br100,4.0,4 tahun lalu,,,
8,Iim Saiman,https://www.google.com/maps/contrib/117713282509315566674?hl=id,https://lh3.googleusercontent.com/a-/ALV-UjUWmXcsOTSC8qcDiwzPrZUcoQTvK1K1Jp8rjnBlsc8TH0zBTQ4=s120-c-rp-mo-br100,5.0,4 tahun lalu,,,
8,Driver Online,https://www.google.com/maps/contrib/107685492232333290870?hl=id,https://lh3.googleusercontent.com/a/ACg8ocLcB_kRd4qq9sPDBdlWG6Q07misrlF2KTNdjYMjSy26ss_mQg=s120-c-rp-mo-ba12-br100,5.0,4 tahun lalu,,,
8,Fauzan Fadhilah D,https://www.google.com/maps/contrib/110345502407558347260?hl=id,https://lh3.googleusercontent.com/a-/ALV-UjV3lmbsMTG0redrqMNlsnUUULzq7ETaEF176yPbGT7KHWmAJqYt=s120-c-rp-mo-ba12-br100,5.0,4 tahun lalu,,,
8,Lily Maqnunah,https://www.google.com/maps/contrib/113694902668960209564?hl=id,https://lh3.googleusercontent.com/a-/ALV-UjXJl-UNSW269beAB8elMxvxPv1CiqJDkKSJoBTpLcG48RdfkCY=s120-c-rp-mo-ba12-br100,5.0,4 tahun lalu,,,
8,Muhamad Cahyadi,https://www.google.com/maps/contrib/107270391285068099535?hl=id,https://lh3.googleusercontent.com/a-/ALV-UjVjsyRv3wsREDEFkYlqM-xgBPioe2vSbQGIb3m2ZpZ1_iwyuUw=s120-c-rp-mo-ba12-br100,5.0,4 tahun lalu,,,
8,Margaretha Mitsi,https://www.google.com/maps/contrib/112794435953158285381?hl=id,https://lh3.googleusercontent.com/a-/ALV-UjU3xQMyC_1Q5bCKe3KoryJbBEkLUHf_BmrjtKIIiLh_KxxLUdun=s120-c-rp-mo-ba12-br100,5.0,4 tahun lalu,,,
9,adree nc,https://www.google.com/maps/contrib/118405178704343776295?hl=id,https://lh3.googleusercontent.com/a-/ALV-UjXRvtN4tLwzof293p2ia3BihJME6ogsIUuTS7AuamL2mQyAf3Nalg=s120-c-rp-mo-ba12-br100,4.0,4 tahun lalu,,,
9,Ciextali25,https://www.google.com/maps/contrib/111914728555601530260?hl=id,https://lh3.googleusercontent.com/a-/ALV-UjVFxsq2WO-FOAnooZB5dCgiFqtKn7fKJCRSNXNpar1A-8csuziM=s120-c-rp-mo-ba12-br100,5.0,4 tahun lalu,,,
9,Ichsan Nurfajar,https://www.google.com/maps/contrib/110051761665002222216?hl=id,https://lh3.googleusercontent.com/a-/ALV-UjUrUqwu6cAjgpttLyU0xdAfFas8CCOr8IFWA3GxmucJZBfUwSnt=s120-c-rp-mo-ba12-br100,5.0,4 tahun lalu,,,
