Review,Rating,Tanggal
semoga cowo aku suka yaa,bintang 5,Hari ini
bagus mantep,bintang 5,Hari ini
Mantappp keren bnget awwwwwwwww,bintang 5,Hari ini
Cakep,bintang 5,Hari ini
Ok,bintang 5,Hari ini
gacor banget min,bintang 5,Hari ini
"Shape and size: Fit and good
Bagus, oke banget, solid dan kokoh",bintang 5,Hari ini
"Shape and size: 37,5",bintang 5,Hari ini
Good,bintang 5,1 hari lalu
"Bentuk dan ukuran: Pas
Daya tahan pakai: Keren
Legit bgt seh ini, buat lari pace 6 7 8 enakeun bgt",bintang 5,1 hari lalu
"Walaupun Barang PO tiba lama tapi hasil memuaskan, cocok dan rasa nyaman di kaki… Semoga awet tahan lama… Thanks",bintang 5,1 hari lalu
"barang defect kok dikirim ke customer?! 
komplain malah nyalahin customer. aneh bgt. 
beli mahal2 dapetnya barang defect. nyesel bgt beli disini.
Bentuk dan ukuran: Jelek...",bintang 1,1 hari lalu
"barang defect kok dikirim ke customer?! 
percuma ada vid unboxing, komplain malah denial, trus nyalahin customer. aneh bgt. 
beli mahal2 dapetnya barang defect. nyesel bg...",bintang 1,1 hari lalu
srittt,bintang 5,1 hari lalu
"Pesen tanggal 13 sept, nyampe tanggal 19,  packingannya rapi dan super aman, terjamin amanah dan original 👍🏻
Shape and size: Sizenya ngepas banget sesuai ukuran.
Wearab...",bintang 5,1 hari lalu
Sesuai prediksi tapi di aku kurg pas sama uk kaki,bintang 4,1 hari lalu
bagus dan pas,bintang 5,1 hari lalu
"Bentuk dan ukuran: Pas bangett
Aroma: Gak ada wangi apa apa",bintang 5,1 hari lalu
suka bagusss dijaminn oriiii🥰🥰🥰,bintang 5,1 hari lalu
ok,bintang 5,2 hari lalu
good,bintang 5,2 hari lalu
Wearability: enak dipake insole empuk and pasti original,bintang 5,2 hari lalu
mantap,bintang 5,2 hari lalu
Pass bgt,bintang 5,2 hari lalu
"Shape and size: Size sesuai
Sesuai pokoknya semuanya..",bintang 5,2 hari lalu
alhamdulillah barangx sudah sampai,bintang 5,2 hari lalu
"Sempet ragu soalnya di 2002r pake 26.5, ternyata pake 26 udah pas banget. Thanks, Kick Avenue.",bintang 5,2 hari lalu
"Color: Black
Shape and size: Sesuai",bintang 5,3 hari lalu
"barang datang sesuai dengan deskripsi, ukuran sangat pas, desain ok banget, pokoknya NB bukan kaleng kakeng",bintang 5,3 hari lalu
Shape and size: Pas,bintang 5,3 hari lalu
"Bentuk dan ukuran: Mantap
Aroma: Mantap
Daya tahan pakai: Mantap",bintang 5,3 hari lalu
Daya tahan pakai: Baguus,bintang 5,4 hari lalu
"Bentuk dan ukuran: Sepatu ori bagus dan sesuai
Aroma: Sepatu baru 😁",bintang 5,4 hari lalu
Bagus ori,bintang 5,4 hari lalu
GOOD,bintang 5,4 hari lalu
bagus banget😍😍😍tp pengirimannya lamaa🤤,bintang 5,4 hari lalu
"Shape and size: Pas 38
Color: Silver light blue
Barang mulus tanpa cacat, dkirim lapis kardus jadi kardus bawaannya mulus.",bintang 5,4 hari lalu
Bentuk dan ukuran: sangat sesuai,bintang 5,4 hari lalu
cakeppp banget sukaaa,bintang 5,4 hari lalu
Mantaab,bintang 5,4 hari lalu
"Joss ukuran nya pas sesuai, pengiriman cepat,",bintang 5,4 hari lalu
"Bentuk dan ukuran: Ukuran pas dan 100% Original
Walaupun harus PO tapi cepat proses nya, overall puas sama barang nya, thanks buat Kick Avenue",bintang 5,4 hari lalu
"Bentuk dan ukuran: Passs cantikk bgttt lucuu
Daya tahan pakai: Empuk nyamann bngt",bintang 5,5 hari lalu
Makasih,bintang 5,5 hari lalu
Makasih,bintang 5,5 hari lalu
"Aroma: Wangi
Bentuk dan ukuran: Pas",bintang 5,5 hari lalu
"Bentuk dan ukuran: Pass,aman bgt",bintang 5,5 hari lalu
Cukup nyaman bahan juga ok,bintang 5,5 hari lalu
Color: Cool,bintang 5,5 hari lalu
"Bentuk dan ukuran: Sesuai
Daya tahan pakai: Ada lecet dikit",bintang 4,5 hari lalu
"Bentuk dan ukuran: Size 42 sesui dg yg dipesan
Aroma: Originall
Daya tahan pakai: Semoga awet sepatunya
Nyaman dipakai
Box premier agak penyok dan sobek, gpp yang penting...",bintang 5,5 hari lalu
Bentuk dan ukuran: Sesuai,bintang 5,5 hari lalu
"Pertama kali beli d toko ini, tadinya ragu takut kekecilan atau kebesaran d tambah lagi pay non cod ternyata uk sama kyk d store asli 100%.. mksh..😍🥰",bintang 5,5 hari lalu
"ori, gausa ragu, uda 2x belanja di toko ini, amanah, gausa khawatir",bintang 5,5 hari lalu
"Daya tahan pakai: Bagus
Bentuk dan ukuran: Sangat bagus
Aroma: Oke",bintang 5,5 hari lalu
"gokil dpt di 1,9 klo di offline store diatas 2🫣",bintang 5,6 hari lalu
"Bentuk dan ukuran: Pass
Aroma: Khas aroma baru
Daya tahan pakai: Kuat",bintang 4,6 hari lalu
Aroma: Bersih,bintang 5,6 hari lalu
Bentuk dan ukuran: sedikit ngepass sukak walaupun po,bintang 5,6 hari lalu
"original, pengiriman cepat dpt harga diskon dan kalo kaki normal tidak lebar tidak perlu upsize",bintang 5,6 hari lalu
Bagus banget,bintang 5,6 hari lalu
Ori...dah ke dia kali belanja disini...🥰,bintang 5,6 hari lalu
sesuai ekspektasiii,bintang 5,1 minggu lalu
Kualitas produk: Bguss,bintang 5,1 minggu lalu
cepat sampai nya 👍,bintang 5,1 minggu lalu
"Bentuk dan ukuran: Pas
Aroma: Baru
Daya tahan pakai: Semoga awet
Cakep banget 👍🏻👍🏻👍🏻",bintang 5,1 minggu lalu
Bentuk dan ukuran: Ukuran Pas,bintang 5,1 minggu lalu
Daya tahan pakai: nm,bintang 5,1 minggu lalu
"Aman, original, cuma ada lem nya yang kurang bersih dikit bagian depan, bukan rusak tapi bekas lem sisa aja si yang udah kering",bintang 5,1 minggu lalu
"mantap, guanteng banget",bintang 5,1 minggu lalu
good,bintang 5,1 minggu lalu
Bentuk dan ukuran: Sesuai,bintang 5,1 minggu lalu
Finally i bought Nike P6000 with this color. Its really comfortable and stylish. I love it☺️,bintang 5,1 minggu lalu
"Bentuk dan ukuran: Pas
Warna: Mantapp warna nyambung
Kalcerrr ni bos😎😎",bintang 5,1 minggu lalu
Bentuk dan ukuran: Sepatu nya datang dengan ukuran dan bentuk yang sesuai dengan di foto dan pas,bintang 5,1 minggu lalu
"Bentuk dan ukuran: pas sesuai size
Aroma: ok
Daya tahan pakai: semoga awet ya",bintang 5,1 minggu lalu
Bentuk dan ukuran: Sesuai,bintang 5,1 minggu lalu
Bentuk dan ukuran: Sesuai,bintang 5,1 minggu lalu
"keren sih yuyurr kmrn dpt harga murah 1,6 huhuuuuu😭",bintang 5,1 minggu lalu
Bentuk dan ukuran: 6 I 38 2/3 I 24CM,bintang 5,1 minggu lalu
"Alhamdulillah sudah sampai tepat waktu
Bentuk dan ukuran: Ukuran pas
Daya tahan pakai: Semoga awet
Aroma: Sepatu baru",bintang 4,1 minggu lalu
100000000000000000% asli,bintang 5,1 minggu lalu
"Bentuk dan ukuran: Pas
Aroma: Pas
Daya tahan pakai: A",bintang 5,1 minggu lalu
"Daya tahan pakai: Bagussss banget, sesuai dengan ekspektasi dan ukurannya juga pas dengan kaki saya",bintang 5,1 minggu lalu
Mantap sekali dan puas gak nyesal pokoknya,bintang 5,1 minggu lalu
"Paket authentic and come in a good condition, best pokoknya",bintang 5,1 minggu lalu
Bagus banget semoga banyakk rejeki lagi beli lagi😇,bintang 5,1 minggu lalu
"keren sepatunya, ori 100% 
minus nya boxnya ancur",bintang 4,1 minggu lalu
"Shape and size: Sesuai ekspektasi, tapi aku upsize 1 ukuran biar lebih nyaman kl dipake jalan lama",bintang 5,1 minggu lalu
Bentuk dan ukuran: mantap sesuai prediksi,bintang 5,1 minggu lalu
Kwalitas ORI. Smga tambah semangat buat running nya.,bintang 5,1 minggu lalu
Bentuk dan ukuran: ok,bintang 4,1 minggu lalu
baguss bangett sukaa makasiiii KickAvenue 🫶🏻,bintang 5,1 minggu lalu
"Kurang nyaman dipake sepatu yg sebelah kanan , dibagian dekat jempol nya setiap dipake jalan bunyi gesekan",bintang 4,1 minggu lalu
Bentuk dan ukuran: Pass,bintang 5,1 minggu lalu
